Automorphism Ratio (A_r1),A_r_norm_2,A_r_norm_1,Number of Unique Groups (C_auto),Automorphism Ratio (A_r_log),num_nodes,automorphism_score,head
0.18117407745591285,0.9029704585370183,0.8059409170740368,658,-0.19405908292596336,6654,0.9011121130147279,CiteSeer_original
0.18117407745591285,0.9029704585370183,0.8059409170740368,658,-0.19405908292596336,6654,0.9011121130147279,CiteSeer_original
0.12807426987741993,0.8832698428518094,0.766539685703619,1848,-0.23346031429638117,6654,0.7222723174030659,CiteSeer_inter0.1_intra0.1_edges1000
0.18117407745591285,0.9029704585370183,0.8059409170740368,658,-0.19405908292596336,6654,0.9011121130147279,CiteSeer_original
0.18117407745591285,0.9029704585370183,0.8059409170740368,658,-0.19405908292596336,6654,0.9011121130147279,CiteSeer_original
0.12807426987741993,0.8832698428518094,0.766539685703619,1848,-0.23346031429638117,6654,0.7222723174030659,CiteSeer_inter0.1_intra0.1_edges1000
0.18117407745591285,0.9029704585370183,0.8059409170740368,658,-0.19405908292596336,6654,0.9011121130147279,CiteSeer_original
