Automorphism Ratio (A_r1),A_r_norm_2,A_r_norm_1,Number of Unique Groups (C_auto),Automorphism Ratio (A_r_log),num_nodes,automorphism_score,head
0.0022505667326309267,0.6143345318289859,0.22866906365797168,2365,-0.7713309363420283,2708,0.12666174298375188,Cora_0
0.0022505667326309267,0.6143345318289859,0.22866906365797168,2365,-0.7713309363420283,2708,0.12666174298375188,Cora_0
0.0022505667326309267,0.6143345318289859,0.22866906365797168,2365,-0.7713309363420283,2708,0.12666174298375188,Cora_0
0.0022505667326309267,0.6143345318289859,0.22866906365797168,2365,-0.7713309363420283,2708,0.12666174298375188,Cora_0
0.0022505667326309267,0.6143345318289859,0.22866906365797168,2365,-0.7713309363420283,2708,0.12666174298375188,Cora_0
