Validation Mean,Validation Std,Test Mean,Test Std
0.6407862326076825,0.00033286731908660494,0.6465928468130113,0.0004101102980854088
