data, metric, Validation Mean,Validation Std,Test Mean,Test Std
ogbl-collab, Hits@50, 0.6586695293256108,0.000857133346647998,0.6618964363573572,0.004942908329556017
ogbl-ddi, Hits@20, 0.7174508761021509,0.001746798512600326,0.8257391994846017,0.06030534457231045