Validation Mean,Validation Std,Test Mean,Test Std
0.9927756653992394,0.004318561479696017,0.9159292035398229,0.012221180807481153
