Validation Mean,Validation Std,Test Mean,Test Std
0.9912547528517109,0.005390664212455446,0.9084702907711757,0.012389380530973448
