Automorphism Ratio (A_r1),A_r_norm,Number of Unique Groups (C_auto),Automorphism Entropy (H_auto),Automorphism Ratio (A_r_log),num_nodes,data_name
0.024721542617176424,0.7718767259125082,2090,6.56974709025564,-0.4562465481749835,3327,Citeseer
0.0001844968195796457,0.565291094808552,12998,9.149704232038946,-0.869417810382896,19717,Pubmed
0.0022505667326309267,0.6143345318289859,2365,7.559150572205567,-0.7713309363420283,2708,Cora
