Metric,Mean,Variance
Hits@20,0.2538,0.0
Hits@50,0.2538,0.0
Hits@100,0.2538,0.0
AUC,0.6258,0.0
AP,0.625,0.0
mrr_hit1,0.0,0.0
mrr_hit3,1.0,0.0
mrr_hit10,1.0,0.0
MRR,0.6666999999999998,1.232595164407831e-32
mrr_hit20,1.0,0.0
mrr_hit50,1.0,0.0
mrr_hit100,1.0,0.0
