Metric,Mean,Variance
Hits@20,0.32989999999999997,3.0814879110195774e-33
Hits@50,0.32989999999999997,3.0814879110195774e-33
Hits@100,0.32989999999999997,3.0814879110195774e-33
AUC,0.6623,0.0
AP,0.6631999999999999,1.232595164407831e-32
mrr_hit1,0.0,0.0
mrr_hit3,1.0,0.0
mrr_hit10,1.0,0.0
MRR,0.6666999999999998,1.232595164407831e-32
mrr_hit20,1.0,0.0
mrr_hit50,1.0,0.0
mrr_hit100,1.0,0.0
