Metric,Mean,Variance
Hits@20,0.32270000000000004,3.0814879110195774e-33
Hits@50,0.4365,0.0
Hits@100,0.5426000000000001,1.232595164407831e-32
AUC,0.9561,0.0
AP,0.9562000000000002,1.232595164407831e-32
mrr_hit1,0.0,0.0
mrr_hit3,1.0,0.0
mrr_hit10,1.0,0.0
MRR,0.6666999999999998,1.232595164407831e-32
mrr_hit20,1.0,0.0
mrr_hit50,1.0,0.0
mrr_hit100,1.0,0.0
