Metric,Mean,Variance
Hits@20,0.22810000000000002,7.703719777548943e-34
Hits@50,0.22810000000000002,7.703719777548943e-34
Hits@100,0.22810000000000002,7.703719777548943e-34
AUC,0.6132,0.0
AP,0.6132999999999998,1.232595164407831e-32
mrr_hit1,0.0,0.0
mrr_hit3,1.0,0.0
mrr_hit10,1.0,0.0
MRR,0.6666999999999998,1.232595164407831e-32
mrr_hit20,1.0,0.0
mrr_hit50,1.0,0.0
mrr_hit100,1.0,0.0
