name,num_nodes,num_edges,edge_density,degree_gini,avg_deg,avg_deg2,deg_heterogeneity,avg_shortest_path,approximate_diameter,num_triangles,avg_degree,coreness_eq_1,coreness_geq_2,coreness_geq_5,coreness_geq_10,coreness_gini,avg_cc,transitivity,cc_size,power_law_estimate
ddi_False,4267.0,2135822.0,0.11733337464515507,0.4688956757694583,804.5130296480443,796.0045673557149,-0.07569905273382245,2.125,inf,142099673.0,500.544189453125,0.020389032106866652,0.9796109678931334,0.924537145535505,0.9041481134286384,0.3511581764769176,0.5142590776306278,0.46811303106318475,1.0,1.21130488239411
collab_False,235868.0,1935264.0,3.4785961349476784e-05,0.5521894586693156,24.858621838266593,20.702775718113802,0.20987293660311684,inf,inf,3369011.0,8.20486068725586,0.09318347550324758,0.9068165244967524,0.4139773093425136,0.11603524004951922,0.4332426476336957,0.7290352781769088,0.3630153862421533,0.9872683026099344,1.889183564365347
citation2_False,2927963.0,60703760.0,7.080836587872025e-06,0.570790471305008,89.75140427154619,68.20665505143795,0.31486895603113935,inf,inf,61221154.0,20.732404708862305,0.05353653717618699,0.9460047821642555,0.7538230503595844,0.4468683518200196,0.41921135739548965,0.17845341490567876,0.055967234523081895,0.9956754918009552,1.3937963
ppa_False,576289.0,42463862.0,0.0001278614376968057,0.553602571143509,149.17193150373504,133.12949448456573,0.13144806810780466,inf,inf,329013264.0,73.68500518798828,0.013942657243154043,0.986057342756846,0.9435543624813245,0.8660498465179797,0.4472897481257201,0.22282188731802344,0.22386078297097559,0.9995661898804246,1.3300989
